"","binomial","eq","bm","brm","diet","habitus","suborder","new","bin"
"1","Abeomelomys_sevia",1.25222596997502,4.1174098351531,0.434143263794659,"frugivorous","arboreal","Myomorpha","Old","<100"
"2","Abrocoma_bennettii",0.813221581010629,5.7037824746562,1.19224834062938,"folivorous","saxicolous","Hystricomorpha","New","100-1000"
"3","Abrothrix_olivaceus",0.910478029390309,3.45663208855026,-0.415515443961666,"omnivorous","terrestrial","Myomorpha","New","<100"
"4","Acomys_cahirinus",0.916348107077462,3.62639036300927,-0.284751780318234,"omnivorous","terrestrial","Myomorpha","Modified","<100"
"5","Acomys_dimidiatus",1.03622341809414,3.72709949017494,-0.0802508826710188,"omnivorous","terrestrial","Myomorpha","New","<100"
"6","Acomys_spinosissimus",1.19553928346357,3.05427922824125,-0.446409187844506,"omnivorous","terrestrial","Myomorpha","New","<100"
"7","Acomys_wilsoni",1.19859348736846,2.91777073208428,-0.509360031604381,"omnivorous","terrestrial","Myomorpha","Old","<100"
"8","Aconaemys_porteri",0.70398799035013,4.88529880278496,0.434143263794659,"folivorous","semifossorial","Hystricomorpha","New","100-1000"
"9","Aconaemys_sagei",0.766648974652777,4.75359019110636,0.420629544627936,"folivorous","semifossorial","Hystricomorpha","New","100-1000"
"10","Aeromys_tephromelas",0.947667161136385,7.14064639481787,2.42287387476423,"frugivorous","gliding","Sciuromorpha","Modified",">1000"
"11","Aeromys_thomasi",0.859834242406584,7.37775890822787,2.46809953147162,"frugivorous","gliding","Sciuromorpha","New",">1000"
"12","Aethomys_chrysophilus",0.848984571081513,4.08439138124394,-0.0342938459758809,"granivorous","terrestrial","Myomorpha","Modified","<100"
"13","Aethomys_hindei",0.622268498727093,4.98565930802608,0.386024015450461,"granivorous","arboreal","Myomorpha","Old","100-1000"
"14","Aethomys_namaquensis",0.846028891895538,3.88958484060655,-0.177473143684017,"granivorous","arboreal","Myomorpha","Modified","<100"
"15","Akodon_azarae",1.05852894451076,3.2188758248682,-0.443166975292176,"omnivorous","terrestrial","Myomorpha","Old","<100"
"16","Allactaga_elater",1.36476882842449,3.71600812150219,0.183787148955565,"granivorous","saltatorial","Myomorpha","New","<100"
"17","Allactaga_sibirica",1.35102971426003,4.7001721843042,0.895949164594897,"granivorous","saltatorial","Myomorpha","Modified","100-1000"
"18","Ammospermophilus_harrisii",1.33120109295988,4.67422972191959,0.912917047395016,"omnivorous","terrestrial","Sciuromorpha","Old","100-1000"
"19","Ammospermophilus_insularis",1.46468658177104,4.62487476926243,0.971460503007626,"omnivorous","terrestrial","Sciuromorpha","Old","100-1000"
"20","Ammospermophilus_interpres",1.52111221307951,4.54807059394752,0.951657875711446,"omnivorous","terrestrial","Sciuromorpha","Old","<100"
"21","Ammospermophilus_leucurus",1.25686052903526,4.66202299758087,0.84629736005362,"omnivorous","terrestrial","Sciuromorpha","Old","100-1000"
"22","Ammospermophilus_nelsoni",1.17219211792676,4.96749281909999,0.999303874621872,"omnivorous","terrestrial","Sciuromorpha","Modified","100-1000"
"23","Anomalurus_beecrofti",1.19178032179398,6.14059005900849,1.86631657350193,"folivorous","gliding","Anomaluromorpha","New","100-1000"
"24","Anomalurus_derbianus",0.873631379018583,6.59304453414244,1.9308497890138,"folivorous","gliding","Anomaluromorpha","New","100-1000"
"25","Anomalurus_pelii",0.590483413226177,7.40853056689463,2.15074733589761,"folivorous","gliding","Anomaluromorpha","New",">1000"
"26","Anomalurus_pusillus",0.998449734287903,5.13579843705026,0.936093359170335,"folivorous","gliding","Anomaluromorpha","New","100-1000"
"27","Aplodontia_rufa",0.91380605990179,6.72169461198122,2.03574804967852,"folivorous","semifossorial","Sciuromorpha","Modified","100-1000"
"28","Apodemus_agrarius",0.909633837216731,3.37135186667657,-0.482149975530258,"granivorous","terrestrial","Myomorpha","Modified","<100"
"29","Apodemus_flavicollis",1.06533668775072,3.42021829174551,-0.277377807955811,"omnivorous","terrestrial","Myomorpha","Modified","<100"
"30","Apodemus_sylvaticus",1.15280646682738,3.08727658237955,-0.456658743001481,"granivorous","terrestrial","Myomorpha","Modified","<100"
"31","Arborimus_albipes",1.26671191985128,2.79728133483015,-0.544451351415651,"folivorous","arboreal","Myomorpha","New","<100"
"32","Arborimus_longicaudus",0.921809815358285,3.01553490085017,-0.698602031242909,"folivorous","arboreal","Myomorpha","New","<100"
"33","Arvicanthis_niloticus",0.513452254441891,4.61099117025505,-0.123390360540182,"folivorous","terrestrial","Myomorpha","Modified","100-1000"
"34","Arvicola_amphibius",0.703878509521478,5.05909985365769,0.538479482519829,"folivorous","semiaquatic","Myomorpha","Modified","100-1000"
"35","Atherurus_africanus",0.959129296064556,8.05595106783908,3.12139705537206,"frugivorous","terrestrial","Hystricomorpha","Modified",">1000"
"36","Atherurus_macrourus",0.702165971845744,8.23561380311621,2.94428802040432,"frugivorous","terrestrial","Hystricomorpha","Modified",">1000"
"37","Atlantoxerus_getulus",1.1517643902008,5.52545293913178,1.40654786714713,"frugivorous","semifossorial","Sciuromorpha","New","100-1000"
"38","Bathyergus_janetta",0.573309107794853,5.59098698051086,0.72270598280149,"rhizophagous","fossorial","Hystricomorpha","New","100-1000"
"39","Bathyergus_suillus",0.375923351176133,6.91739921632712,1.30354080835774,"rhizophagous","fossorial","Hystricomorpha","Modified",">1000"
"40","Beamys_hindei",0.701729690623002,4.49702802736839,0.139727159161534,"granivorous","terrestrial","Myomorpha","Old","<100"
"41","Berylmys_bowersi",0.899796862957148,5.88804658790949,1.39624469197306,"omnivorous","arboreal","Myomorpha","Old","100-1000"
"42","Brachyuromys_betsileoensis",0.914072056005569,4.24849524204936,0.182321556793955,"folivorous","semifossorial","Myomorpha","New","<100"
"43","Brachyuromys_ramirohitra",0.854879419272849,4.54329478227,0.336472236621213,"folivorous","semifossorial","Myomorpha","New","<100"
"44","Callistomys_pictus",0.563115829042022,6.21460809842219,1.20784928107186,"frugivorous","arboreal","Hystricomorpha","New","100-1000"
"45","Callosciurus_caniceps",1.81995553016376,5.48063892334199,1.83045440315802,"frugivorous","arboreal","Sciuromorpha","Old","100-1000"
"46","Callosciurus_nigrovittatus",1.52753848024067,5.30826769740121,1.52602152028142,"frugivorous","arboreal","Sciuromorpha","Old","100-1000"
"47","Callosciurus_notatus",1.64367590198044,5.34472373936219,1.62664108564372,"frugivorous","arboreal","Sciuromorpha","Old","100-1000"
"48","Callosciurus_prevostii",1.2532044313685,6.08449941307517,1.91024151977585,"frugivorous","arboreal","Sciuromorpha","Old","100-1000"
"49","Callospermophilus_lateralis",1.08032793458212,5.28044541321406,1.14370911651514,"omnivorous","semifossorial","Sciuromorpha","Modified","100-1000"
"50","Callospermophilus_madrensis",1.15899903839689,5.02058562494942,1.03415909722319,"omnivorous","semifossorial","Sciuromorpha","Old","100-1000"
"51","Callospermophilus_saturatus",1.01329776412904,5.49182611273256,1.25324285333222,"omnivorous","semifossorial","Sciuromorpha","Old","100-1000"
"52","Calomys_callosus",0.536729406295053,3.98898404656427,-0.509360031604381,"omnivorous","terrestrial","Myomorpha","New","<100"
"53","Calomyscus_bailwardi",1.26696196194067,2.99573227355399,-0.395415772255163,"granivorous","saltatorial","Myomorpha","New","<100"
"54","Calomyscus_baluchi",1.35108710661539,2.94443897916644,-0.369598089229222,"granivorous","saltatorial","Myomorpha","New","<100"
"55","Capromys_pilorides",0.45652751469964,8.21127242691981,2.47039112514905,"folivorous","terrestrial","Hystricomorpha","New",">1000"
"56","Carterodon_sulcidens",0.641152882769437,5.06259503302697,0.473622074768447,"folivorous","semifossorial","Hystricomorpha","New","100-1000"
"57","Castor_canadensis",0.557271871760482,9.72934616302861,3.78783351504715,"folivorous","semiaquatic","Castorimorpha","Modified",">1000"
"58","Castor_fiber",0.527641887901216,9.81553478734522,3.82410155747195,"folivorous","semiaquatic","Castorimorpha","Modified",">1000"
"59","Cavia_aperea",0.915545576363301,6.01657652572064,1.53920744737221,"folivorous","terrestrial","Hystricomorpha","Modified","100-1000"
"60","Cavia_fulgida",0.890202563351038,5.92692602597041,1.45005142043319,"folivorous","terrestrial","Hystricomorpha","New","100-1000"
"61","Cavia_porcellus",0.838760955520549,6.02870731973504,1.4317824551165,"folivorous","terrestrial","Hystricomorpha","Modified","100-1000"
"62","Cavia_tschudii",0.994870561762761,5.54478674316574,1.23924341840786,"folivorous","terrestrial","Hystricomorpha","New","100-1000"
"63","Chaetodipus_baileyi",0.907653585262398,3.44041809481544,-0.395415772255163,"granivorous","saltatorial","Castorimorpha","Old","<100"
"64","Chaetodipus_californicus",1.00321796847854,3.24445046687748,-0.443189219359914,"granivorous","saltatorial","Castorimorpha","Modified","<100"
"65","Chaetodipus_fallax",1.02159610809977,2.99815141187412,-0.609035226084025,"granivorous","saltatorial","Castorimorpha","Modified","<100"
"66","Chaetodipus_formosus",1.02464305037885,2.72785282839839,-0.808602926457238,"granivorous","saltatorial","Castorimorpha","Old","<100"
"67","Chaetodipus_hispidus",0.841898342068012,3.56104608260405,-0.380148300124374,"granivorous","saltatorial","Castorimorpha","Old","<100"
"68","Chaetodipus_penicillatus",0.990746244234233,2.80336038090653,-0.785613408232539,"granivorous","saltatorial","Castorimorpha","Old","<100"
"69","Chaetodipus_spinatus",0.928122973165286,2.94968833505258,-0.741161645661705,"granivorous","saltatorial","Castorimorpha","Old","<100"
"70","Chaetomys_subspinosus",0.816889592340059,7.46737106691756,2.51944011287671,"folivorous","arboreal","Hystricomorpha","New",">1000"
"71","Chinchilla_chinchilla",1.40387317465053,6.06724385075243,1.96395077632611,"folivorous","saxicolous","Hystricomorpha","New","100-1000"
"72","Chinchilla_lanigera",1.14085785835475,5.96621780071119,1.68361283986427,"folivorous","saxicolous","Hystricomorpha","Modified","100-1000"
"73","Chiropodomys_gliroides",1.14387973337342,3.23080439573347,-0.321307800101441,"frugivorous","arboreal","Myomorpha","Old","<100"
"74","Clyomys_laticeps",0.98777305500365,5.56317540177105,1.25392513681312,"folivorous","semifossorial","Hystricomorpha","Modified","100-1000"
"75","Coendou_prehensilis",0.987359155454031,8.24669594371856,3.29346368185877,"frugivorous","arboreal","Hystricomorpha","Modified",">1000"
"76","Coendou_quichua",1.28515727465862,7.60090245954208,3.0727210920821,"frugivorous","arboreal","Hystricomorpha","Old",">1000"
"77","Coendou_spinosus",1.34176933209239,6.94697599213542,2.62538427802791,"frugivorous","arboreal","Hystricomorpha","New",">1000"
"78","Coendou_vestitus",1.52764080609217,6.60123011872888,2.49581032144692,"frugivorous","arboreal","Hystricomorpha","Old","100-1000"
"79","Colomys_goslingi",1.20028558172469,4.06388535473739,0.316269529303694,"animalivorous","semiaquatic","Myomorpha","New","<100"
"80","Conilurus_penicillatus",0.821462304687108,5.01063529409626,0.68247038589583,"granivorous","arboreal","Myomorpha","New","100-1000"
"81","Cratogeomys_fumosus",0.588045924917626,6.45519856334012,1.43161183581035,"rhizophagous","fossorial","Castorimorpha","Modified","100-1000"
"82","Cremnomys_cutchicus",1.05881227759221,3.91202300542815,0.11232818497342,"folivorous","saxicolous","Myomorpha","Modified","<100"
"83","Cricetomys_emini",0.515796705292589,7.16236745018165,1.79240904709386,"omnivorous","terrestrial","Myomorpha","New",">1000"
"84","Cricetomys_gambianus",0.47167658213038,7.14687561455828,1.6846670277696,"omnivorous","terrestrial","Myomorpha","Modified",">1000"
"85","Cricetulus_barabensis",0.903197479762583,3.49052145737598,-0.40055219903252,"granivorous","semifossorial","Myomorpha","Modified","<100"
"86","Cricetus_cricetus",0.566862933839736,5.6937321388027,0.78845736036427,"granivorous","semifossorial","Myomorpha","Old","100-1000"
"87","Cryptomys_hottentotus",0.687285319540247,4.5639187982063,0.140267069140726,"rhizophagous","fossorial","Hystricomorpha","Modified","<100"
"88","Cryptomys_natalensis",0.728202574488505,4.59532184993328,0.215111379616945,"rhizophagous","fossorial","Hystricomorpha","New","<100"
"89","Ctenomys_argentinus",0.826959123178122,4.98770778945255,0.671943972908842,"folivorous","fossorial","Hystricomorpha","New","100-1000"
"90","Ctenomys_australis",0.505815909872877,5.91647156806655,0.87693432951551,"folivorous","fossorial","Hystricomorpha","New","100-1000"
"91","Ctenomys_azarae",0.847003353747533,4.92725368515721,0.650552782927525,"folivorous","fossorial","Hystricomorpha","New","100-1000"
"92","Ctenomys_boliviensis",0.460682988768846,6.28226674689601,1.05781807153984,"folivorous","fossorial","Hystricomorpha","New","100-1000"
"93","Ctenomys_bonettoi",0.720822549968132,4.94875989037817,0.505370773083027,"folivorous","fossorial","Hystricomorpha","New","100-1000"
"94","Ctenomys_chasiquensis",0.66782682349924,4.94662996412034,0.427409231613315,"folivorous","fossorial","Hystricomorpha","New","100-1000"
"95","Ctenomys_dorbignyi",0.753089107190242,5.46932516344172,0.939585294477177,"folivorous","fossorial","Hystricomorpha","New","100-1000"
"96","Ctenomys_emilianus",0.828690918843307,5.0401940963378,0.713400686587188,"folivorous","fossorial","Hystricomorpha","New","100-1000"
"97","Ctenomys_flamarioni",0.626538639457875,5.7037824746562,0.931455168393927,"folivorous","fossorial","Hystricomorpha","New","100-1000"
"98","Ctenomys_fulvus",0.728830662226507,5.7037824746562,1.08268613811785,"folivorous","fossorial","Hystricomorpha","New","100-1000"
"99","Ctenomys_haigi",0.9282664734969,4.33467293829041,0.297731408304782,"folivorous","fossorial","Hystricomorpha","New","<100"
"100","Ctenomys_lami",0.782863622830415,5.43372200355424,0.951657875711446,"folivorous","fossorial","Hystricomorpha","New","100-1000"
"101","Ctenomys_latro",0.777889065030039,4.80484038111666,0.473622074768447,"folivorous","fossorial","Hystricomorpha","New","100-1000"
"102","Ctenomys_leucodon",0.913255173756382,5.39362754635236,1.07564385549244,"folivorous","fossorial","Hystricomorpha","New","100-1000"
"103","Ctenomys_magellanicus",0.863861698823358,5.45830810285698,1.06855162718295,"folivorous","fossorial","Hystricomorpha","New","100-1000"
"104","Ctenomys_maulinus",0.640218888052031,5.37063802812766,0.703196516412947,"folivorous","fossorial","Hystricomorpha","New","100-1000"
"105","Ctenomys_mendocinus",0.731229202295697,5.26009615372784,0.753206936987608,"folivorous","fossorial","Hystricomorpha","New","100-1000"
"106","Ctenomys_minutus",0.701258440310925,5.41610040220442,0.828359659366953,"folivorous","fossorial","Hystricomorpha","New","100-1000"
"107","Ctenomys_occultus",0.957165638368104,4.55387689160054,0.492791990876167,"folivorous","fossorial","Hystricomorpha","New","<100"
"108","Ctenomys_opimus",0.975040323577448,5.44068460783496,1.17640014838935,"folivorous","fossorial","Hystricomorpha","New","100-1000"
"109","Ctenomys_perrensi",0.960635635065653,5.11198778835654,0.914993891339855,"folivorous","fossorial","Hystricomorpha","New","100-1000"
"110","Ctenomys_porteousi",0.65359990724193,5.22143632221208,0.611980508141285,"folivorous","fossorial","Hystricomorpha","New","100-1000"
"111","Ctenomys_pundti",0.765060209723207,4.95017732505914,0.565995394899462,"folivorous","fossorial","Hystricomorpha","New","100-1000"
"112","Ctenomys_rionegrensis",0.635758484998041,5.45958551414416,0.762915751114569,"folivorous","fossorial","Hystricomorpha","New","100-1000"
"113","Ctenomys_roigi",0.919121170372833,5.18738580584075,0.927365183142402,"folivorous","fossorial","Hystricomorpha","New","100-1000"
"114","Ctenomys_sociabilis",0.858879117009509,4.99923724914389,0.718463988543735,"folivorous","fossorial","Hystricomorpha","New","100-1000"
"115","Ctenomys_talarum",0.634421408507363,4.90230741721063,0.342851843585252,"folivorous","fossorial","Hystricomorpha","New","100-1000"
"116","Ctenomys_torquatus",0.813468929086041,5.34472373936219,0.923258401189749,"folivorous","fossorial","Hystricomorpha","New","100-1000"
"117","Ctenomys_tuconax",0.615162579269701,6.30991827822652,1.36773316293163,"folivorous","fossorial","Hystricomorpha","New","100-1000"
"118","Ctenomys_tucumanus",0.610682752646313,5.48063892334199,0.738464655250405,"folivorous","fossorial","Hystricomorpha","New","100-1000"
"119","Cuniculus_paca",0.952372242482169,8.61386787298515,3.48086088012693,"frugivorous","terrestrial","Hystricomorpha","Modified",">1000"
"120","Cynomys_gunnisoni",0.652711837131459,6.63716882311155,1.67242022330437,"folivorous","semifossorial","Sciuromorpha","Modified","100-1000"
"121","Cynomys_leucurus",0.588818400561364,6.92868472216317,1.7880392243573,"folivorous","semifossorial","Sciuromorpha","Old",">1000"
"122","Cynomys_ludovicianus",0.557038291452027,6.99462618945836,1.743927041026,"folivorous","semifossorial","Sciuromorpha","Modified",">1000"
"123","Cynomys_mexicanus",0.573597292538069,6.90575327631146,1.74465039124111,"folivorous","semifossorial","Sciuromorpha","Old","100-1000"
"124","Cynomys_parvidens",0.874863006284124,6.35610766069589,1.75455592023051,"folivorous","semifossorial","Sciuromorpha","Old","100-1000"
"125","Dactylomys_dactylinus",0.789274270701973,6.51471269087253,1.77055626157695,"folivorous","arboreal","Hystricomorpha","New","100-1000"
"126","Dasymys_incomtus",0.900709089238162,4.62986279857846,0.453620149995212,"folivorous","semiaquatic","Myomorpha","New","100-1000"
"127","Dasyprocta_azarae",0.857351409440515,8.3187422526924,3.17094529111065,"frugivorous","terrestrial","Hystricomorpha","New",">1000"
"128","Dasyprocta_fuliginosa",0.910290038659541,8.26873183211774,3.19335286763712,"frugivorous","terrestrial","Hystricomorpha","New",">1000"
"129","Dasyprocta_leporina",0.987096143646851,7.96470952778427,3.04058510509845,"frugivorous","terrestrial","Hystricomorpha","Modified",">1000"
"130","Dasyprocta_mexicana",1.20424033820624,7.55668930486576,2.9391619220656,"frugivorous","terrestrial","Hystricomorpha","New",">1000"
"131","Dasyprocta_prymnolopha",0.827277554922969,7.97196265913518,2.87049092255625,"frugivorous","terrestrial","Hystricomorpha","Modified",">1000"
"132","Dasyprocta_punctata",0.871704862398674,8.0968241466795,3.01770315504296,"frugivorous","terrestrial","Hystricomorpha","Modified",">1000"
"133","Dendromus_mesomelas",1.29896325419513,2.63905732961526,-0.673344553263766,"granivorous","arboreal","Myomorpha","New","<100"
"134","Dendromus_mystacalis",1.52299254145202,2.07944154167984,-0.933945667112876,"omnivorous","arboreal","Myomorpha","New","<100"
"135","Deomys_ferrugineus",1.1233167012094,3.95124371858143,0.200881582314865,"animalivorous","semiaquatic","Myomorpha","New","<100"
"136","Desmodillus_auricularis",0.957695179041307,4.0943445622221,0.113328685307003,"granivorous","saltatorial","Myomorpha","New","<100"
"137","Dicrostonyx_groenlandicus",0.706785255502141,4.08926888669391,-0.199248719396285,"folivorous","semifossorial","Myomorpha","Modified","<100"
"138","Dicrostonyx_richardsoni",0.853917322179422,3.95316494875932,-0.107251190746976,"folivorous","semifossorial","Myomorpha","Old","<100"
"139","Dicrostonyx_torquatus",0.620025936963401,4.29045944114839,-0.138986243307486,"folivorous","semifossorial","Myomorpha","Old","<100"
"140","Dinomys_branickii",0.821396171627145,9.11327865913305,3.7593723999266,"folivorous","terrestrial","Hystricomorpha","Modified",">1000"
"141","Dipodomys_agilis",1.12616295286344,4.1174098351531,0.328036757800111,"granivorous","saltatorial","Castorimorpha","Old","<100"
"142","Dipodomys_deserti",0.883607583750311,4.74232002413533,0.554160937252459,"granivorous","saltatorial","Castorimorpha","Modified","100-1000"
"143","Dipodomys_heermanni",1.08936538475586,4.26689632742025,0.406930700269774,"granivorous","saltatorial","Castorimorpha","Modified","<100"
"144","Dipodomys_merriami",1.40110952289315,3.77553356868141,0.263600521099857,"granivorous","saltatorial","Castorimorpha","Modified","<100"
"145","Dipodomys_microps",0.942607077870615,4.18509892549057,0.200881582314865,"granivorous","saltatorial","Castorimorpha","Modified","<100"
"146","Dipodomys_ordii",1.35553085440126,3.98443668161133,0.39268356799501,"granivorous","saltatorial","Castorimorpha","Modified","<100"
"147","Dipodomys_panamintinus",1.12517389441257,4.30406509320417,0.467149560262829,"granivorous","saltatorial","Castorimorpha","Old","<100"
"148","Dipodomys_spectabilis",1.05388973604847,4.85090135616119,0.781522370078568,"granivorous","saltatorial","Castorimorpha","Modified","100-1000"
"149","Dipus_sagitta",1.393159906393,4.24157797273602,0.573892400205487,"granivorous","saltatorial","Myomorpha","New","<100"
"150","Dolichotis_patagonum",0.720825816001207,8.80787137536343,3.3636751851452,"folivorous","terrestrial","Hystricomorpha","Modified",">1000"
"151","Dolichotis_salinicola",1.1155984958682,7.37775890822787,2.72850620966959,"folivorous","terrestrial","Hystricomorpha","Old",">1000"
"152","Dremomys_rufigenis",1.79788557049948,5.41387322702973,1.76408584681155,"frugivorous","terrestrial","Sciuromorpha","Modified","100-1000"
"153","Dryomys_nitedula",1.27122401280031,3.2188758248682,-0.224699761581516,"omnivorous","arboreal","Sciuromorpha","New","<100"
"154","Echimys_chrysurus",0.717200752708829,6.48004456192665,1.64879707754093,"frugivorous","arboreal","Hystricomorpha","Old","100-1000"
"155","Eliomys_melanurus",1.10427192977764,4.60916220725763,0.677221030009686,"omnivorous","terrestrial","Sciuromorpha","New","100-1000"
"156","Eliurus_minor",1.75848178729848,3.63758615972639,0.378436435720245,"frugivorous","arboreal","Myomorpha","New","<100"
"157","Eliurus_myoxinus",1.4634248056274,4.07753744390572,0.524728528934982,"frugivorous","arboreal","Myomorpha","New","<100"
"158","Ellobius_talpinus",0.877105271487696,4.06044301054642,0,"rhizophagous","fossorial","Myomorpha","New","<100"
"159","Eospalax_fontanierii",0.659936155481572,5.56643428350498,0.845009529869191,"rhizophagous","fossorial","Myomorpha","New","100-1000"
"160","Epixerus_ebii",1.55043493720821,6.40522845803084,2.36361998357991,"frugivorous","terrestrial","Sciuromorpha","New","100-1000"
"161","Erethizon_dorsatum",0.90676090298722,8.35191360319325,3.22411149376395,"folivorous","arboreal","Hystricomorpha","Modified",">1000"
"162","Euryzygomatomys_spinosus",0.980926924265715,5.29831736654804,1.07564385549244,"folivorous","semifossorial","Hystricomorpha","New","100-1000"
"163","Felovia_vae",0.845473476989959,5.2257466737132,0.872614668370993,"folivorous","saxicolous","Hystricomorpha","New","100-1000"
"164","Fukomys_anselli",0.801965852304233,4.42670048036309,0.176063431285607,"rhizophagous","fossorial","Hystricomorpha","New","<100"
"165","Fukomys_damarensis",0.87174319508689,4.69278231789888,0.45854520602236,"rhizophagous","fossorial","Hystricomorpha","New","100-1000"
"166","Fukomys_darlingi",0.64486193792982,4.74658293893842,0.207014169384326,"rhizophagous","fossorial","Hystricomorpha","New","100-1000"
"167","Fukomys_mechowi",0.615919712143433,5.60170135968519,0.801861528487746,"rhizophagous","fossorial","Hystricomorpha","New","100-1000"
"168","Funambulus_pennantii",1.37197797090997,4.45318382899021,0.777304488566669,"omnivorous","arboreal","Sciuromorpha","Old","<100"
"169","Funisciurus_anerythrus",1.33273220889866,5.41128718585614,1.466816034285,"frugivorous","arboreal","Sciuromorpha","Modified","100-1000"
"170","Funisciurus_carruthersi",1.61569128066048,5.15165831013274,1.4010042361255,"frugivorous","arboreal","Sciuromorpha","Modified","100-1000"
"171","Funisciurus_isabella",1.79098579930604,4.70048036579242,1.22928961230973,"frugivorous","arboreal","Sciuromorpha","New","100-1000"
"172","Funisciurus_lemniscatus",1.43948145206275,5.02379394825494,1.23555928141357,"frugivorous","terrestrial","Sciuromorpha","New","100-1000"
"173","Funisciurus_pyrropus",1.41912809967772,5.4471850333469,1.55503691062919,"frugivorous","terrestrial","Sciuromorpha","Modified","100-1000"
"174","Funisciurus_substriatus",1.42318886709671,5.2262841636482,1.39377630146765,"frugivorous","arboreal","Sciuromorpha","New","100-1000"
"175","Galea_musteloides",0.727327168498165,5.67151321408742,1.03783388858968,"folivorous","terrestrial","Hystricomorpha","Modified","100-1000"
"176","Galea_spixii",0.735792309269966,6.30975296164376,1.51309368651513,"folivorous","terrestrial","Hystricomorpha","New","100-1000"
"177","Geocapromys_brownii",0.431168591324081,7.48234412341795,1.89166513420292,"folivorous","terrestrial","Hystricomorpha","New",">1000"
"178","Geocapromys_ingrahami",0.595785252844564,6.62001536318463,1.56829006891211,"folivorous","terrestrial","Hystricomorpha","Modified","100-1000"
"179","Geocapromys_thoracatus",0.532806996032565,6.74523634948436,1.55049437680015,"folivorous","terrestrial","Hystricomorpha","New","100-1000"
"180","Geomys_bursarius",0.536943813301799,5.21218125607756,0.372395206855892,"rhizophagous","fossorial","Castorimorpha","Modified","100-1000"
"181","Geomys_pinetis",0.598769849113562,5.74779936007298,0.919134684005886,"rhizophagous","fossorial","Castorimorpha","Old","100-1000"
"182","Georychus_capensis",0.692099943156644,5.04400559357136,0.500775287912489,"rhizophagous","fossorial","Hystricomorpha","New","100-1000"
"183","Gerbilliscus_afra",1.25621014737532,4.17438726989564,0.480052965098737,"granivorous","saltatorial","Myomorpha","Old","<100"
"184","Gerbilliscus_brantsii",0.912325311919833,4.48868167021743,0.357228321260197,"granivorous","saltatorial","Myomorpha","Modified","<100"
"185","Gerbilliscus_kempi",0.833040511059983,4.57779898919196,0.336472236621213,"granivorous","saltatorial","Myomorpha","New","<100"
"186","Gerbilliscus_leucogaster",0.842170394915162,3.93963817246112,-0.131248286609954,"granivorous","saltatorial","Myomorpha","New","<100"
"187","Gerbillurus_paeba",1.42805051807413,3.17805383034795,-0.138986243307486,"granivorous","saltatorial","Myomorpha","Old","<100"
"188","Gerbillus_campestris",1.38154713130703,3.31418600467253,-0.069993371820535,"granivorous","saltatorial","Myomorpha","Old","<100"
"189","Gerbillus_dasyurus",1.39678698809873,3.02042488614436,-0.3147107448397,"granivorous","saltatorial","Myomorpha","Old","<100"
"190","Gerbillus_gleadowi",1.1015175642211,3.26193531432865,-0.335696537553541,"granivorous","saltatorial","Myomorpha","Old","<100"
"191","Gerbillus_nanus",1.52819206375897,2.63905732961526,-0.475458479928699,"granivorous","saltatorial","Myomorpha","Old","<100"
"192","Gerbillus_pyramidum",1.00302765532168,3.71113006304876,-0.0924662276725935,"granivorous","saltatorial","Myomorpha","Old","<100"
"193","Glaucomys_sabrinus",1.15818323927669,5.15905529921453,1.13730722259808,"omnivorous","gliding","Sciuromorpha","Old","100-1000"
"194","Glaucomys_volans",1.67199552063174,4.0867582154209,0.666002653745073,"omnivorous","gliding","Sciuromorpha","Modified","<100"
"195","Glis_glis",0.825429584940396,4.99721227376411,0.641853886172395,"omnivorous","arboreal","Sciuromorpha","Old","100-1000"
"196","Golunda_ellioti",0.607643643045079,4.39444915467244,-0.116533816255952,"folivorous","terrestrial","Myomorpha","New","<100"
"197","Grammomys_cometes",1.01907006499455,3.81002473990904,-0.0231384226016095,"frugivorous","arboreal","Myomorpha","Modified","<100"
"198","Grammomys_dolichurus",1.24553297099664,3.5869791598784,-0.00441947433360224,"frugivorous","arboreal","Myomorpha","New","<100"
"199","Grammomys_poensis",0.938352815712324,3.91601502669768,-0.00545485068296381,"frugivorous","arboreal","Myomorpha","Modified","<100"
"200","Graphiurus_murinus",0.891978467331832,3.09930033013819,-0.739380294396242,"omnivorous","arboreal","Sciuromorpha","New","<100"
"201","Habromys_lepturus",1.03683543934556,3.53942367691227,-0.188480027325659,"omnivorous","arboreal","Myomorpha","New","<100"
"202","Heliophobius_argenteocinereus",0.601797192818811,5.1354799965671,0.446908438010798,"rhizophagous","fossorial","Hystricomorpha","Modified","100-1000"
"203","Heliosciurus_gambianus",1.13696851178397,5.51656502615101,1.38277869759785,"frugivorous","arboreal","Sciuromorpha","Modified","100-1000"
"204","Heliosciurus_punctatus",1.54096952022449,5.16077795252597,1.42415838515577,"frugivorous","arboreal","Sciuromorpha","New","100-1000"
"205","Heliosciurus_rufobrachium",1.32222308561281,5.78905567383026,1.74152212014262,"frugivorous","arboreal","Sciuromorpha","Modified","100-1000"
"206","Heliosciurus_ruwenzorii",1.44800937814704,5.64708846445589,1.72637442495998,"frugivorous","arboreal","Sciuromorpha","Modified","100-1000"
"207","Heterocephalus_glaber",0.50972587689599,3.79020647717936,-0.738689555046066,"rhizophagous","fossorial","Hystricomorpha","Modified","<100"
"208","Heteromys_anomalus",0.776961247604734,4.24849524204936,0.0198026272961797,"granivorous","saltatorial","Castorimorpha","New","<100"
"209","Heteromys_desmarestianus",0.80059039663719,4.34510328056928,0.15758477656154,"granivorous","saltatorial","Castorimorpha","Old","<100"
"210","Holochilus_chacarius",0.549826878654939,5.31811999384422,0.476234178996372,"folivorous","semiaquatic","Myomorpha","Old","100-1000"
"211","Holochilus_sciureus",0.628549956828952,4.96284463025991,0.343589704390077,"folivorous","semiaquatic","Myomorpha","Modified","100-1000"
"212","Hoplomys_gymnurus",0.851662026372438,6.00685037644136,1.45364455081023,"folivorous","terrestrial","Hystricomorpha","Modified","100-1000"
"213","Hybomys_trivirgatus",0.97110126081265,4.0517849478033,0.130677323641616,"animalivorous","terrestrial","Myomorpha","Old","<100"
"214","Hybomys_univittatus",0.970520132656818,3.97199500512548,0.0337300438942024,"animalivorous","terrestrial","Myomorpha","New","<100"
"215","Hydrochoerus_hydrochaeris",0.573081387305433,10.3462256654641,4.2783730024949,"folivorous","semiaquatic","Hystricomorpha","Modified",">1000"
"216","Hydrochoerus_isthmius",0.448610609395571,10.228104072781,3.95527404742246,"folivorous","semiaquatic","Hystricomorpha","New",">1000"
"217","Hydromys_chrysogaster",0.758605652396228,5.95842469302978,1.31370846494368,"animalivorous","semiaquatic","Myomorpha","Modified","100-1000"
"218","Hylopetes_spadiceus",1.23980823855793,4.5179934924157,0.724218901461345,"frugivorous","gliding","Sciuromorpha","Modified","<100"
"219","Hypogeomys_antimena",0.916656586964902,6.77422388635761,2.07944154167984,"frugivorous","saltatorial","Myomorpha","New","100-1000"
"220","Hystrix_africaeaustralis",0.58004036793386,9.42139466074712,3.60723402658225,"folivorous","semifossorial","Hystricomorpha","Modified",">1000"
"221","Hystrix_brachyura",0.820266246329013,8.98719682066197,3.66343445855447,"folivorous","semifossorial","Hystricomorpha","Old",">1000"
"222","Hystrix_cristata",0.616670627536202,9.29063547904541,3.52700936012438,"folivorous","semifossorial","Hystricomorpha","Modified",">1000"
"223","Hystrix_indica",0.648120772456574,9.46015951103889,3.76319561544569,"folivorous","semifossorial","Hystricomorpha","Modified",">1000"
"224","Hystrix_sumatrae",1.15535700956648,8.08948247436075,3.33268439501205,"folivorous","semifossorial","Hystricomorpha","Old",">1000"
"225","Ictidomys_mexicanus",0.956718119190558,5.61495126094959,1.28813011233266,"omnivorous","terrestrial","Sciuromorpha","Old","100-1000"
"226","Ictidomys_tridecemlineatus",1.0107259910563,4.99140430853542,0.875095947333687,"omnivorous","terrestrial","Sciuromorpha","Modified","100-1000"
"227","Idiurus_macrotis",1.25783438796106,3.34250838531348,-0.14256406465537,"frugivorous","gliding","Anomaluromorpha","New","<100"
"228","Idiurus_zenkeri",1.49253424893793,2.63905732961526,-0.499081450143806,"frugivorous","gliding","Anomaluromorpha","New","<100"
"229","Iomys_horsfieldii",1.27027727500837,4.91288461236541,1.02085010684824,"frugivorous","gliding","Sciuromorpha","Modified","100-1000"
"230","Isothrix_bistriata",0.667820620196434,6.09807428216624,1.29098318131507,"frugivorous","arboreal","Hystricomorpha","New","100-1000"
"231","Jaculus_jaculus",0.983460260262423,4.16200321069592,0.19062035960865,"granivorous","saltatorial","Myomorpha","Modified","<100"
"232","Jaculus_orientalis",1.47959606707316,4.58496747867057,0.916290731874155,"granivorous","saltatorial","Myomorpha","Old","<100"
"233","Kannabateomys_amblyonyx",0.784356810922031,6.27287700654617,1.5829296525533,"folivorous","arboreal","Hystricomorpha","New","100-1000"
"234","Kerodon_rupestris",0.909385113951704,6.41673228251233,1.8387257489087,"folivorous","saxicolous","Hystricomorpha","New","100-1000"
"235","Lagidium_peruanum",1.02293184939845,7.18159194461187,2.49466282483045,"folivorous","saxicolous","Hystricomorpha","New",">1000"
"236","Lagidium_viscacia",0.817560479741111,7.73883478946316,2.67281918640556,"folivorous","saxicolous","Hystricomorpha","Modified",">1000"
"237","Lagostomus_maximus",0.572362267417425,8.44433408949082,2.84912512889508,"folivorous","semifossorial","Hystricomorpha","Modified",">1000"
"238","Lagurus_lagurus",0.815595768089594,3.00071981506503,-0.832133423867432,"folivorous","semifossorial","Myomorpha","Old","<100"
"239","Laonastes_aenigmamus",1.46457548992169,5.63300229259515,1.7274802957903,"folivorous","saxicolous","Hystricomorpha","New","100-1000"
"240","Lariscus_insignis",1.75731678193778,5.24702407216049,1.62021928797297,"frugivorous","terrestrial","Sciuromorpha","New","100-1000"
"241","Lasiopodomys_mandarinus",0.905170831009491,3.35281213550236,-0.499226487922639,"rhizophagous","semifossorial","Myomorpha","New","<100"
"242","Lemmus_lemmus",0.662913328723233,4.23265617801961,-0.115455745897292,"folivorous","semifossorial","Myomorpha","Old","<100"
"243","Lemmus_sibiricus",1.06403464020299,4.20368916270452,0.316087057146897,"folivorous","semifossorial","Myomorpha","Modified","<100"
"244","Lemmus_trimucronatus",0.688506898563806,4.24276456734037,-0.069993371820535,"folivorous","semifossorial","Myomorpha","Old","<100"
"245","Lemniscomys_rosalia",0.542073330368491,4.07753744390572,-0.468404907882039,"folivorous","terrestrial","Myomorpha","New","<100"
"246","Lemniscomys_striatus",0.911308582307285,3.90633072599483,-0.0600880859620292,"omnivorous","terrestrial","Myomorpha","Modified","<100"
"247","Leopoldamys_edwardsi",0.999962032481679,5.8054361283827,1.47520227188521,"omnivorous","terrestrial","Myomorpha","Modified","100-1000"
"248","Leopoldamys_sabanus",0.802200288607722,5.80724118302443,1.22082992139236,"omnivorous","terrestrial","Myomorpha","Old","100-1000"
"249","Liomys_irroratus",0.898133774103941,4.05525717351405,0.0551697711334711,"granivorous","saltatorial","Castorimorpha","Old","<100"
"250","Liomys_pictus",0.865993116409156,3.69386699562498,-0.25231492861449,"granivorous","saltatorial","Castorimorpha","Old","<100"
"251","Lophiomys_imhausi",0.331855476082097,6.72917218003833,1.02961941718116,"folivorous","terrestrial","Myomorpha","New","100-1000"
"252","Lophuromys_aquilus",0.815788198560076,4.1026433650368,-0.0408219945202552,"animalivorous","terrestrial","Myomorpha","New","<100"
"253","Lophuromys_flavopunctatus",0.86363583109975,4.0943445622221,0.0453174746904594,"animalivorous","terrestrial","Myomorpha","Old","<100"
"254","Lophuromys_sikapusi",0.97063098613883,4.12849180198205,0.169953166677748,"animalivorous","terrestrial","Myomorpha","Modified","<100"
"255","Macrotarsomys_bastardi",1.19558114769133,3.3499040872746,-0.22314355131421,"frugivorous","saltatorial","Myomorpha","New","<100"
"256","Macrotarsomys_ingens",1.36894695547311,4.17438726989564,0.53062825106217,"frugivorous","saltatorial","Myomorpha","New","<100"
"257","Makalata_didelphoides",1.22995180540511,5.21493575760899,1.23933994806323,"frugivorous","arboreal","Hystricomorpha","Modified","100-1000"
"258","Makalata_macrura",0.747694054911577,6.08449941307517,1.39377630146765,"frugivorous","arboreal","Hystricomorpha","Modified","100-1000"
"259","Malacomys_edwardsi",1.00900027791852,4.0943445622221,0.200881582314865,"omnivorous","semiaquatic","Myomorpha","Old","<100"
"260","Malacomys_longipes",1.07702975763048,4.43081679884331,0.500795122229828,"omnivorous","semiaquatic","Myomorpha","New","<100"
"261","Malacothrix_typica",1.42130694249283,2.59525470695687,-0.616186139423817,"folivorous","semifossorial","Myomorpha","New","<100"
"262","Marmota_baibacina",0.403776987071804,8.58951385299586,2.65640596794987,"folivorous","semifossorial","Sciuromorpha","Old",">1000"
"263","Marmota_bobak",0.394009005962262,8.501470230951,2.56588430487734,"folivorous","semifossorial","Sciuromorpha","Old",">1000"
"264","Marmota_broweri",0.576497798159129,8.13300021858361,2.67012954916967,"folivorous","semifossorial","Sciuromorpha","Old",">1000"
"265","Marmota_caligata",0.381383263224415,8.74830491237962,2.71844135886932,"folivorous","semifossorial","Sciuromorpha","Old",">1000"
"266","Marmota_camtschatica",0.532982008844733,8.10606206168145,2.57144208019969,"folivorous","semifossorial","Sciuromorpha","Old",">1000"
"267","Marmota_caudata",0.500809923332233,8.35279013512463,2.69422710074873,"folivorous","semifossorial","Sciuromorpha","Old",">1000"
"268","Marmota_flaviventris",0.51361188215495,8.11686486741323,2.54252440256011,"folivorous","semifossorial","Sciuromorpha","Modified",">1000"
"269","Marmota_himalayana",0.420311514158333,8.79596064647844,2.85137448644459,"folivorous","semifossorial","Sciuromorpha","Old",">1000"
"270","Marmota_marmota",0.647155906565894,8.18079154140346,2.78618357955479,"folivorous","semifossorial","Sciuromorpha","Modified",">1000"
"271","Marmota_menzbieri",0.516490193799262,8.01135510916129,2.46898049923774,"folivorous","semifossorial","Sciuromorpha","Old",">1000"
"272","Marmota_monax",0.678516593773104,7.93898054894839,2.68755221209811,"folivorous","semifossorial","Sciuromorpha","Old",">1000"
"273","Marmota_olympus",0.627937683262309,8.15444268571561,2.77168081021236,"folivorous","semifossorial","Sciuromorpha","Old",">1000"
"274","Marmota_sibirica",0.349884280917113,8.77955745588373,2.65567843063149,"folivorous","semifossorial","Sciuromorpha","Old",">1000"
"275","Marmota_vancouverensis",0.479090011275701,8.35467426191846,2.6513020560317,"folivorous","semifossorial","Sciuromorpha","Old",">1000"
"276","Massoutiera_mzabi",0.860964255562395,5.20729796816087,0.87693432951551,"folivorous","saxicolous","Hystricomorpha","Old","100-1000"
"277","Mastomys_coucha",1.07205197772625,3.36628410554439,-0.342490308946776,"omnivorous","terrestrial","Myomorpha","New","<100"
"278","Mastomys_natalensis",0.703432944825982,4.02389109477663,-0.252371320390761,"granivorous","terrestrial","Myomorpha","Modified","<100"
"279","Maxomys_surifer",1.00519491588299,4.84484727546393,0.742773168078944,"omnivorous","terrestrial","Myomorpha","Modified","100-1000"
"280","Megadontomys_thomasi",0.885807496061371,4.45336607448707,0.311964753903541,"granivorous","arboreal","Myomorpha","Modified","<100"
"281","Melomys_cervinipes",0.997861994472746,4.24849524204936,0.305394281050352,"omnivorous","arboreal","Myomorpha","Old","<100"
"282","Meriones_crassus",0.682954469738837,4.80402104473326,0.307484699747961,"granivorous","saltatorial","Myomorpha","New","100-1000"
"283","Meriones_hurrianae",0.795104655853972,4.0894596664242,-0.0622019000638784,"granivorous","saltatorial","Myomorpha","Modified","<100"
"284","Meriones_libycus",0.929474441687754,4.53259949315326,0.412109650826833,"granivorous","saltatorial","Myomorpha","New","<100"
"285","Meriones_shawi",0.670329612119976,4.9416424226093,0.392042087776024,"granivorous","saltatorial","Myomorpha","New","100-1000"
"286","Meriones_unguiculatus",1.17525458016215,3.93023623508092,0.200756865940995,"granivorous","saltatorial","Myomorpha","Modified","<100"
"287","Mesembriomys_gouldii",0.611333426688862,6.57359571493099,1.55924716790975,"frugivorous","arboreal","Myomorpha","Old","100-1000"
"288","Mesocapromys_angelcabrerai",0.69275516264897,6.07924646049152,1.31351934633748,"folivorous","arboreal","Hystricomorpha","New","100-1000"
"289","Mesocapromys_auritus",0.580824511272326,6.58851373762259,1.51924183329605,"folivorous","arboreal","Hystricomorpha","New","100-1000"
"290","Mesocapromys_melanurus",0.572167133213459,7.06706406146702,1.86313705058838,"folivorous","arboreal","Hystricomorpha","New",">1000"
"291","Mesocricetus_auratus",0.508436571839164,4.78749174278205,0,"granivorous","semifossorial","Myomorpha","Old","100-1000"
"292","Mesocricetus_brandti",0.689136457533584,4.38202663467388,0,"granivorous","semifossorial","Myomorpha","New","<100"
"293","Mesomys_hispidus",1.01145858911717,5.16478597392351,1.00614606099552,"frugivorous","arboreal","Hystricomorpha","Old","100-1000"
"294","Microcavia_australis",0.815935514612621,5.59471137960184,1.11377672518788,"folivorous","terrestrial","Hystricomorpha","New","100-1000"
"295","Microcavia_niata",1.10510818542087,5.12396397940326,1.06407936392529,"folivorous","terrestrial","Hystricomorpha","New","100-1000"
"296","Microdipodops_megacephalus",1.30148311891401,2.61006979274201,-0.657780036722654,"granivorous","saltatorial","Castorimorpha","Old","<100"
"297","Microdipodops_pallidus",1.43534500804376,2.55722731136763,-0.599511128598678,"granivorous","saltatorial","Castorimorpha","Modified","<100"
"298","Micromys_minutus",1.33687602610338,1.81984460496158,-1.24132068872791,"granivorous","terrestrial","Myomorpha","Modified","<100"
"299","Microtus_agrestis",0.898255713473232,3.59174564020776,-0.333739716905684,"folivorous","terrestrial","Myomorpha","Modified","<100"
"300","Microtus_arvalis",0.783123430828207,3.41444260841218,-0.562469856918329,"folivorous","terrestrial","Myomorpha","Old","<100"
"301","Microtus_californicus",0.773574941713154,3.8217558280325,-0.274395376507375,"folivorous","semifossorial","Myomorpha","Modified","<100"
"302","Microtus_guentheri",0.67158055810803,4.10378174948955,-0.224469847870296,"folivorous","semifossorial","Myomorpha","Modified","<100"
"303","Microtus_longicaudus",0.738815759458721,3.7441411615775,-0.373988057930354,"folivorous","semifossorial","Myomorpha","Modified","<100"
"304","Microtus_montanus",0.747255041151439,3.67882592980011,-0.413981067899311,"folivorous","semifossorial","Myomorpha","Modified","<100"
"305","Microtus_ochrogaster",0.666611923249984,3.80304946722445,-0.443971080348005,"folivorous","semifossorial","Myomorpha","Modified","<100"
"306","Microtus_oregoni",0.910303292743026,3.05816676457693,-0.679860484615539,"folivorous","terrestrial","Myomorpha","Modified","<100"
"307","Microtus_pennsylvanicus",1.00058346008371,3.45883527268836,-0.322979333201506,"folivorous","semifossorial","Myomorpha","Modified","<100"
"308","Microtus_pinetorum",0.926107141138304,3.21486780347066,-0.544451351415651,"folivorous","semifossorial","Myomorpha","Old","<100"
"309","Microtus_subterraneus",0.996590795581927,2.70136121295141,-0.891598119283784,"folivorous","semifossorial","Myomorpha","New","<100"
"310","Microtus_townsendii",0.853852109635826,3.88293294939491,-0.12777501127957,"folivorous","semifossorial","Myomorpha","Modified","<100"
"311","Microtus_xanthognathus",0.597506029164403,4.48975933447676,-0.0265082598807962,"folivorous","semifossorial","Myomorpha","New","<100"
"312","Millardia_meltada",0.959908049134403,4.52450228292064,0.438254930931155,"granivorous","terrestrial","Myomorpha","New","<100"
"313","Mus_booduga",0.859004854089617,2.69453586490825,-1.01592653175628,"granivorous","terrestrial","Myomorpha","Modified","<100"
"314","Mus_minutoides",1.0875867381205,2.11229179166701,-1.25244260455231,"omnivorous","terrestrial","Myomorpha","New","<100"
"315","Mus_musculoides",1.34643378633421,2.16332302566054,-0.958885129506576,"folivorous","terrestrial","Myomorpha","Old","<100"
"316","Mus_musculus",0.897812493316718,2.79642727228806,-0.914225476361818,"granivorous","terrestrial","Myomorpha","Modified","<100"
"317","Mus_platythrix",0.733762617177616,3.37416870927424,-0.657780036722654,"granivorous","terrestrial","Myomorpha","Old","<100"
"318","Mus_triton",1.28720691119843,2.30656917781863,-0.932810658913255,"animalivorous","terrestrial","Myomorpha","New","<100"
"319","Muscardinus_avellanarius",1.34627941838181,2.56494935746154,-0.693147180559945,"omnivorous","arboreal","Sciuromorpha","New","<100"
"320","Myocastor_coypus",0.535817323826816,8.63431978101195,2.87058445947754,"folivorous","semiaquatic","Hystricomorpha","Modified",">1000"
"321","Myodes_gapperi",1.05101047040708,3.03103139797676,-0.571981240007164,"omnivorous","terrestrial","Myomorpha","Modified","<100"
"322","Myodes_glareolus",1.15265341349423,2.92921141628985,-0.568562668221981,"omnivorous","terrestrial","Myomorpha","Modified","<100"
"323","Myodes_rufocanus",0.730387733580354,3.6454498961866,-0.458929177977489,"omnivorous","terrestrial","Myomorpha","Old","<100"
"324","Myodes_rutilus",1.20136850544758,2.86789890204411,-0.544451351415651,"omnivorous","terrestrial","Myomorpha","Old","<100"
"325","Myodes_smithii",1.17262142421251,3.07823349506573,-0.446287102628419,"omnivorous","terrestrial","Myomorpha","New","<100"
"326","Myoprocta_acouchy",1.2341070865367,6.66185474054531,2.29253475714054,"frugivorous","terrestrial","Hystricomorpha","New","100-1000"
"327","Myoprocta_pratti",1.23647960953935,6.65929391968364,2.29253475714054,"frugivorous","terrestrial","Hystricomorpha","New","100-1000"
"328","Myopus_schisticolor",0.741356565529866,3.51154543883102,-0.544451351415651,"folivorous","terrestrial","Myomorpha","Old","<100"
"329","Myosciurus_pumilio",1.57618720673628,2.80336038090653,-0.321307800101441,"omnivorous","arboreal","Sciuromorpha","New","<100"
"330","Mysateles_prehensilis",0.505823276391528,7.43454767736243,2.01385576905189,"folivorous","arboreal","Hystricomorpha","New",">1000"
"331","Mystromys_albicaudatus",0.957899675971681,4.38202663467388,0.364670890979892,"folivorous","semifossorial","Myomorpha","Old","<100"
"332","Napaeozapus_insignis",0.83704337815373,3.14415227867226,-0.698602031242909,"omnivorous","terrestrial","Myomorpha","Old","<100"
"333","Necromys_lasiurus",1.14301687514726,3.48124008933569,-0.134235640548889,"omnivorous","terrestrial","Myomorpha","New","<100"
"334","Nectomys_squamipes",0.769481780065916,5.8024204445532,1.17557332980424,"omnivorous","semiaquatic","Myomorpha","New","100-1000"
"335","Neofiber_alleni",0.751737418596646,5.60027209828654,1.0359990241452,"folivorous","semiaquatic","Myomorpha","Old","100-1000"
"336","Neotoma_albigula",0.856164871244855,5.25526533582196,0.888812768128698,"folivorous","saxicolous","Myomorpha","Modified","100-1000"
"337","Neotoma_cinerea",0.79754357700175,5.54087131138207,1.05059782356635,"folivorous","saxicolous","Myomorpha","Modified","100-1000"
"338","Neotoma_floridana",0.871285499004445,5.55179611765832,1.14722465925542,"folivorous","terrestrial","Myomorpha","Old","100-1000"
"339","Neotoma_fuscipes",0.87637727076815,5.39960632705066,1.03575566908537,"folivorous","terrestrial","Myomorpha","Modified","100-1000"
"340","Neotoma_goldmani",1.21321456542375,4.54542018158232,0.723501782573692,"folivorous","terrestrial","Myomorpha","New","<100"
"341","Neotoma_lepida",0.913933356185144,4.85437127162159,0.671943972908842,"folivorous","terrestrial","Myomorpha","New","100-1000"
"342","Neotoma_mexicana",0.86723682964826,5.1328529268205,0.828359659366953,"folivorous","saxicolous","Myomorpha","New","100-1000"
"343","Neotoma_micropus",0.815434887109759,5.49182611273256,1.0359990241452,"folivorous","terrestrial","Myomorpha","Modified","100-1000"
"344","Neotoma_phenax",0.836737211980937,5.12515374753885,0.786783232521212,"folivorous","terrestrial","Myomorpha","New","100-1000"
"345","Neotoma_stephensi",0.857224959993583,5.02847521222459,0.738464655250405,"folivorous","terrestrial","Myomorpha","New","100-1000"
"346","Nesokia_indica",0.7489846287695,5.18178355029209,0.683096844706444,"folivorous","semifossorial","Myomorpha","New","100-1000"
"347","Nilopegamys_plumbeus",1.17021207284139,4.33073334028633,0.491030996437811,"animalivorous","semiaquatic","Myomorpha","New","<100"
"348","Niviventer_cremoriventer",1.05084508159969,4.18965474202643,0.27763173659828,"omnivorous","arboreal","Myomorpha","New","<100"
"349","Notocitellus_adocetus",1.25993902032741,5.04677434071213,1.10194007876078,"frugivorous","semifossorial","Sciuromorpha","Old","100-1000"
"350","Notocitellus_annulatus",1.17704294416528,5.77081787599236,1.61228186456583,"frugivorous","semifossorial","Sciuromorpha","New","100-1000"
"351","Notomys_alexis",1.17962143710993,3.61091791264422,-0.00545485068296381,"omnivorous","saltatorial","Myomorpha","Old","<100"
"352","Notomys_cervinus",1.31949852105673,3.55534806148941,0.0295588022415444,"granivorous","saltatorial","Myomorpha","New","<100"
"353","Notomys_mitchellii",0.923404406926368,3.95124371858143,-0.0304592074847086,"granivorous","saltatorial","Myomorpha","New","<100"
"354","Nyctomys_sumichrasti",0.923491779789832,4.0943445622221,0.11232818497342,"frugivorous","arboreal","Myomorpha","Old","<100"
"355","Ochrotomys_nuttalli",1.31544105411338,3.02529107579554,-0.371063681390832,"granivorous","arboreal","Myomorpha","Old","<100"
"356","Octodon_degus",0.808045327129153,5.24634329204131,0.804570431272686,"folivorous","terrestrial","Hystricomorpha","Modified","100-1000"
"357","Octodon_lunatus",1.19523755610378,5.08128714897751,1.06977419120598,"folivorous","terrestrial","Hystricomorpha","New","100-1000"
"358","Octodontomys_gliroides",1.46993034428808,4.49980967033027,0.881235411414901,"folivorous","terrestrial","Hystricomorpha","New","<100"
"359","Octomys_mimax",1.31586510595881,4.60085318885042,0.84629736005362,"folivorous","saxicolous","Hystricomorpha","New","<100"
"360","Oenomys_hypoxanthus",0.64170841818433,4.85178606367056,0.272810587852162,"folivorous","arboreal","Myomorpha","New","100-1000"
"361","Oligoryzomys_longicaudatus",1.05447500930566,3.28091121578765,-0.365110422759834,"omnivorous","terrestrial","Myomorpha","Old","<100"
"362","Oligoryzomys_nigripes",0.952033678716089,3.17805383034795,-0.579818495252942,"omnivorous","terrestrial","Myomorpha","New","<100"
"363","Ondatra_zibethicus",0.550206372429529,6.98443873389079,1.72661686404091,"folivorous","semiaquatic","Myomorpha","Modified",">1000"
"364","Onychomys_leucogaster",1.19192862480231,3.30928069882816,-0.222210347126319,"animalivorous","terrestrial","Myomorpha","Old","<100"
"365","Onychomys_torridus",1.11998896278265,2.99560463226308,-0.519796679295183,"animalivorous","terrestrial","Myomorpha","Old","<100"
"366","Orthogeomys_cherriei",0.696283057833932,6.00388706710654,1.26192461373516,"rhizophagous","fossorial","Castorimorpha","Old","100-1000"
"367","Orthogeomys_heterodus",0.620827175294056,6.44571981938558,1.47859363303171,"rhizophagous","fossorial","Castorimorpha","Old","100-1000"
"368","Orthogeomys_hispidus",0.641563899291963,6.29545048626629,1.39874423678528,"rhizophagous","fossorial","Castorimorpha","Old","100-1000"
"369","Oryzomys_palustris",0.902276628661925,3.85227300102237,-0.0924662276725935,"omnivorous","semiaquatic","Myomorpha","Old","<100"
"370","Osgoodomys_banderanus",0.981029791785921,3.8286413964891,-0.0265082598807962,"omnivorous","terrestrial","Myomorpha","Old","<100"
"371","Otomys_angoniensis",0.656784660986539,4.44230511594344,-0.0356304206937501,"folivorous","terrestrial","Myomorpha","Modified","<100"
"372","Otomys_auratus",0.860032048734423,4.84418708645859,0.603517834222551,"folivorous","terrestrial","Myomorpha","New","100-1000"
"373","Otomys_barbouri",0.728195695999322,4.71849887129509,0.342851843585252,"folivorous","terrestrial","Myomorpha","New","100-1000"
"374","Otomys_helleri",0.839058951889765,4.49980967033027,0.320546086070954,"folivorous","terrestrial","Myomorpha","New","<100"
"375","Otomys_irroratus",0.356624088980966,4.96284463025991,-0.187776407476918,"folivorous","terrestrial","Myomorpha","Modified","100-1000"
"376","Otomys_sloggetti",1.02978117869119,4.43081679884331,0.473622074768447,"folivorous","semifossorial","Myomorpha","New","<100"
"377","Otomys_unisulcatus",0.59015771671901,4.6943269536863,-0.0274144676503815,"folivorous","terrestrial","Myomorpha","New","100-1000"
"378","Otospermophilus_atricapillus",1.02742922275308,6.05795428837681,1.69168864217024,"granivorous","semifossorial","Sciuromorpha","Old","100-1000"
"379","Otospermophilus_beecheyi",0.759914480792211,6.42937076125068,1.6418037886677,"granivorous","semifossorial","Sciuromorpha","Modified","100-1000"
"380","Otospermophilus_variegatus",1.06094159891844,6.31644222410809,1.91178499202982,"granivorous","saxicolous","Sciuromorpha","Modified","100-1000"
"381","Ototylomys_phyllotis",1.09639979386971,4.14313472639153,0.320546086070954,"frugivorous","arboreal","Myomorpha","Old","<100"
"382","Paramelomys_levipes",1.24239908416424,4.4236483093647,0.655943631562401,"frugivorous","terrestrial","Myomorpha","Modified","<100"
"383","Paramelomys_rubex",1.25071726737199,3.90600493310258,0.274384044307791,"frugivorous","terrestrial","Myomorpha","Modified","<100"
"384","Paraxerus_boehmi",1.85199397817235,4.38825718442452,0.993251773010283,"omnivorous","arboreal","Sciuromorpha","New","<100"
"385","Paraxerus_cepapi",1.10295699438492,5.27983703255347,1.17049157187191,"omnivorous","arboreal","Sciuromorpha","Modified","100-1000"
"386","Paraxerus_poensis",1.67303340725891,4.60517018598809,1.08967917360882,"frugivorous","arboreal","Sciuromorpha","New","100-1000"
"387","Parotomys_brantsii",0.359514318035059,4.5685062016165,-0.475458479928699,"folivorous","semifossorial","Myomorpha","New","<100"
"388","Pectinator_spekei",0.723978462294544,5.19295685089021,0.692887146754085,"folivorous","saxicolous","Hystricomorpha","Old","100-1000"
"389","Pedetes_capensis",0.842182792849541,7.87012828866894,2.76646915841166,"folivorous","saltatorial","Anomaluromorpha","New",">1000"
"390","Pelomys_campanae",0.769567615241786,4.51085950651685,0.207014169384326,"folivorous","semiaquatic","Myomorpha","New","<100"
"391","Pelomys_fallax",0.763068495098269,4.70048036579242,0.340748793388473,"folivorous","semiaquatic","Myomorpha","New","100-1000"
"392","Perognathus_flavus",1.16258972629925,2.07944154167984,-1.16860566048864,"granivorous","saltatorial","Castorimorpha","Old","<100"
"393","Perognathus_longimembris",1.2013427171759,2.07944154167984,-1.13581583766565,"granivorous","saltatorial","Castorimorpha","Old","<100"
"394","Perognathus_parvus",1.14922240377339,2.84195992277997,-0.632191307941207,"granivorous","saltatorial","Castorimorpha","Modified","<100"
"395","Peromyscus_aztecus",1.07169602502305,3.68210656982651,-0.0480144651017597,"granivorous","terrestrial","Myomorpha","Old","<100"
"396","Peromyscus_boylii",1.09077975928504,3.31309450010718,-0.307123165109485,"omnivorous","arboreal","Myomorpha","Old","<100"
"397","Peromyscus_californicus",1.12738264060599,3.46583012631011,-0.193332365901117,"granivorous","terrestrial","Myomorpha","Modified","<100"
"398","Peromyscus_crinitus",1.38262313268264,2.60712428251225,-0.599511128598678,"omnivorous","saxicolous","Myomorpha","Old","<100"
"399","Peromyscus_difficilis",1.17441663661123,3.5307625860168,-0.069993371820535,"granivorous","arboreal","Myomorpha","New","<100"
"400","Peromyscus_eremicus",1.05532445497476,2.9922261342247,-0.580818995586526,"omnivorous","terrestrial","Myomorpha","Old","<100"
"401","Peromyscus_gossypinus",1.02298152378859,3.34109345759245,-0.350295336974693,"omnivorous","arboreal","Myomorpha","Old","<100"
"402","Peromyscus_keeni",1.26389195503079,3.22485789654575,-0.225997620297116,"omnivorous","arboreal","Myomorpha","New","<100"
"403","Peromyscus_leucopus",1.11909889092737,3.05447276857659,-0.475458479928699,"omnivorous","terrestrial","Myomorpha","Old","<100"
"404","Peromyscus_maniculatus",1.04388128136664,3.04281317024812,-0.553785384951388,"omnivorous","terrestrial","Myomorpha","Modified","<100"
"405","Peromyscus_melanophrys",0.997335285625269,3.80666248977032,-0.0265082598807962,"granivorous","saxicolous","Myomorpha","Old","<100"
"406","Peromyscus_mexicanus",1.13825711837106,3.72301242444898,0.0402432895586306,"omnivorous","terrestrial","Myomorpha","Modified","<100"
"407","Peromyscus_pectoralis",1.22303688472201,3.04277875792081,-0.395415772255163,"granivorous","terrestrial","Myomorpha","New","<100"
"408","Peromyscus_polionotus",1.15376028166137,2.61416199736375,-0.775894432154087,"granivorous","terrestrial","Myomorpha","Modified","<100"
"409","Peromyscus_truei",1.26682779036138,3.22643440377013,-0.226335059149134,"omnivorous","arboreal","Myomorpha","Modified","<100"
"410","Petaurista_elegans",0.853552933331392,6.82871207164168,2.08434947803242,"folivorous","gliding","Sciuromorpha","Old","100-1000"
"411","Petaurista_petaurista",0.781394635615211,7.50191051033513,2.46555392127219,"folivorous","gliding","Sciuromorpha","Modified",">1000"
"412","Petinomys_genibarbis",1.43278863944483,4.70048036579242,1.00614606099552,"frugivorous","gliding","Sciuromorpha","New","100-1000"
"413","Petinomys_setosus",1.76961541179791,3.67630067190708,0.449150889274189,"omnivorous","gliding","Sciuromorpha","New","<100"
"414","Petinomys_vordermanni",1.530757217123,3.73766961828337,0.350177883677325,"omnivorous","gliding","Sciuromorpha","New","<100"
"415","Petromus_typicus",0.618609743512912,5.39192154650726,0.684794953885285,"folivorous","saxicolous","Hystricomorpha","New","100-1000"
"416","Phenacomys_intermedius",0.745342408296702,3.37887300582771,-0.638746936319426,"folivorous","semifossorial","Myomorpha","New","<100"
"417","Phyllomys_dasythrix",0.594994735505835,5.82600010738045,0.971460503007626,"frugivorous","arboreal","Hystricomorpha","New","100-1000"
"418","Phyllotis_darwini",0.912110291517801,3.93091091725273,-0.0444182298110074,"granivorous","terrestrial","Myomorpha","New","<100"
"419","Plagiodontia_aedium",0.53129708678775,7.25099031055417,1.92697194803506,"folivorous","arboreal","Hystricomorpha","New",">1000"
"420","Podomys_floridanus",1.26414733029372,3.5185050199197,-0.0056719116805122,"omnivorous","terrestrial","Myomorpha","Modified","<100"
"421","Pogonomys_macrourus",1.04586450749218,4.30271282795416,0.393041588109107,"frugivorous","arboreal","Myomorpha","Old","<100"
"422","Pogonomys_sylvestris",1.2809384078534,3.71843825635548,0.15758477656154,"frugivorous","arboreal","Myomorpha","Old","<100"
"423","Poliocitellus_franklinii",0.755924369913713,6.09368263049331,1.41161116910368,"folivorous","semifossorial","Sciuromorpha","Old","100-1000"
"424","Praomys_daltoni",0.871125237202499,3.55534806148941,-0.350295336974693,"omnivorous","terrestrial","Myomorpha","Old","<100"
"425","Praomys_jacksoni",0.865954172062421,3.89182029811063,-0.139262067333508,"omnivorous","terrestrial","Myomorpha","New","<100"
"426","Praomys_morio",0.869585496571591,3.83945231259331,-0.138986243307486,"omnivorous","terrestrial","Myomorpha","Old","<100"
"427","Praomys_tullbergi",1.05248026868506,3.6163087612791,-0.115455745897292,"omnivorous","terrestrial","Myomorpha","Old","<100"
"428","Proechimys_cuvieri",0.679193796086664,5.98519493409439,1.22321056623334,"frugivorous","terrestrial","Hystricomorpha","New","100-1000"
"429","Proechimys_guyannensis",0.755196008584442,5.37133509895142,0.853223486009671,"frugivorous","terrestrial","Hystricomorpha","New","100-1000"
"430","Proechimys_semispinosus",0.651344852035944,6.04279924603115,1.22374938942144,"frugivorous","terrestrial","Hystricomorpha","Modified","100-1000"
"431","Protoxerus_aubinnii",1.41687263777435,6.26339826259162,2.16716391585106,"frugivorous","arboreal","Sciuromorpha","New","100-1000"
"432","Protoxerus_stangeri",1.63257991872326,6.43178557530291,2.42031671962531,"frugivorous","arboreal","Sciuromorpha","Modified","100-1000"
"433","Psammomys_obesus",0.999902221167934,4.23555473077362,0.262364264467491,"folivorous","saltatorial","Myomorpha","Old","<100"
"434","Pseudomys_hermannsburgensis",1.29115003483731,2.59376105470008,-0.713349887877465,"omnivorous","terrestrial","Myomorpha","Old","<100"
"435","Pseudomys_higginsi",1.08815618639701,4.14313472639153,0.27763173659828,"omnivorous","terrestrial","Myomorpha","New","<100"
"436","Pteromys_volans",1.67753862682586,4.06560209335645,0.65232518603969,"folivorous","gliding","Sciuromorpha","New","<100"
"437","Pteromyscus_pulverulentus",0.994377536497362,5.59563643647365,1.31222158427829,"folivorous","gliding","Sciuromorpha","Modified","100-1000"
"438","Rattus_colletti",1.02109312084659,4.33467293829041,0.393041588109107,"rhizophagous","terrestrial","Myomorpha","New","<100"
"439","Rattus_exulans",0.902913802612611,3.86639782740187,-0.0811666724186601,"omnivorous","terrestrial","Myomorpha","Modified","<100"
"440","Rattus_fuscipes",0.993677386654142,4.70791714077807,0.631012173835841,"omnivorous","terrestrial","Myomorpha","Modified","100-1000"
"441","Rattus_leucopus",1.0455282816411,4.61373835138143,0.625831809415953,"omnivorous","terrestrial","Myomorpha","New","100-1000"
"442","Rattus_lutreolus",1.04856577978463,4.53739432707706,0.571021946907342,"folivorous","terrestrial","Myomorpha","Modified","<100"
"443","Rattus_norvegicus",0.622630540102544,5.37615092075473,0.648044985226296,"omnivorous","terrestrial","Myomorpha","Modified","100-1000"
"444","Rattus_rattus",0.760132995050063,4.89319589032994,0.477027500155584,"omnivorous","arboreal","Myomorpha","Modified","100-1000"
"445","Rattus_tiomanicus",1.24094589999469,4.2076732475291,0.492791990876167,"omnivorous","terrestrial","Myomorpha","New","<100"
"446","Rattus_tunneyi",1.07117286220451,4.34026787655617,0.444210629364851,"folivorous","terrestrial","Myomorpha","Modified","<100"
"447","Rattus_verecundus",1.2751010342241,4.0842942263686,0.427409231613315,"omnivorous","arboreal","Myomorpha","Old","<100"
"448","Ratufa_affinis",1.0761076568079,6.98758231884798,2.43445910326831,"frugivorous","arboreal","Sciuromorpha","Modified",">1000"
"449","Ratufa_bicolor",0.926786260730393,7.18538701558042,2.43417109457188,"frugivorous","arboreal","Sciuromorpha","Old",">1000"
"450","Ratufa_indica",0.876499262941849,7.38104399122165,2.5072902839626,"frugivorous","arboreal","Sciuromorpha","Modified",">1000"
"451","Reithrodontomys_megalotis",1.24636393704777,2.37024374146786,-0.880923588036864,"granivorous","terrestrial","Myomorpha","Old","<100"
"452","Rhabdomys_pumilio",0.692956529570224,3.81129790656132,-0.444106523652182,"folivorous","terrestrial","Myomorpha","Modified","<100"
"453","Rhinosciurus_laticaudatus",1.42124029241313,5.37681924095287,1.50127880093769,"animalivorous","terrestrial","Sciuromorpha","Modified","100-1000"
"454","Rubrisciurus_rubriventer",1.17468733988791,6.65286302935335,2.27181243432679,"frugivorous","arboreal","Sciuromorpha","New","100-1000"
"455","Saccostomus_campestris",0.811841412146382,3.89893776587949,-0.163083794886547,"granivorous","semifossorial","Myomorpha","Old","<100"
"456","Sciurus_aberti",1.095228774678,6.44014877433612,2.006870848845,"frugivorous","arboreal","Sciuromorpha","Modified","100-1000"
"457","Sciurus_anomalus",1.6014653036153,5.54517744447956,1.71559810826249,"frugivorous","arboreal","Sciuromorpha","New","100-1000"
"458","Sciurus_aureogaster",1.19504986158935,6.38856140554563,2.09077210768889,"frugivorous","arboreal","Sciuromorpha","Old","100-1000"
"459","Sciurus_carolinensis",1.39078504583319,6.12833462328491,2.00696797138219,"frugivorous","arboreal","Sciuromorpha","Modified","100-1000"
"460","Sciurus_granatensis",1.55988035726268,5.70801876598212,1.84583913677682,"frugivorous","arboreal","Sciuromorpha","Modified","100-1000"
"461","Sciurus_niger",1.36005302815618,6.36021705347213,2.1608019394854,"frugivorous","arboreal","Sciuromorpha","Modified","100-1000"
"462","Sciurus_vulgaris",1.43396805671254,5.78535571060296,1.78805411146933,"frugivorous","arboreal","Sciuromorpha","Modified","100-1000"
"463","Scotinomys_teguina",1.26461546858963,2.41591377830105,-0.867500567704723,"animalivorous","terrestrial","Myomorpha","New","<100"
"464","Scotinomys_xerampelinus",1.24521220565821,2.72129542785223,-0.653926467406664,"animalivorous","terrestrial","Myomorpha","New","<100"
"465","Sicista_concolor",1.74793389289195,1.87180217690159,-0.916550765680015,"omnivorous","arboreal","Myomorpha","New","<100"
"466","Sigmodon_hispidus",0.740633570809467,4.54009818924438,0.225987503445941,"folivorous","terrestrial","Myomorpha","Modified","<100"
"467","Spalacopus_cyanus",0.948628781690498,4.57878615321876,0.502196656854915,"rhizophagous","fossorial","Hystricomorpha","Modified","<100"
"468","Spalax_ehrenbergi",0.743603620928831,5.08680427507285,0.615831668077191,"rhizophagous","fossorial","Myomorpha","Modified","100-1000"
"469","Spalax_microphthalmus",0.625987970140906,5.36597601502185,0.641853886172395,"rhizophagous","fossorial","Myomorpha","New","100-1000"
"470","Spermophilus_citellus",0.718910453672884,5.66728800446434,1.02220652244758,"folivorous","semifossorial","Sciuromorpha","Modified","100-1000"
"471","Spermophilus_dauricus",0.876113451812696,5.41075279587782,1.04696805551577,"folivorous","semifossorial","Sciuromorpha","Old","100-1000"
"472","Spermophilus_fulvus",0.603440897552523,6.5792512120101,1.55049437680015,"folivorous","semifossorial","Sciuromorpha","Old","100-1000"
"473","Spermophilus_major",0.682738817887642,6.28226674689601,1.45122030719873,"folivorous","semifossorial","Sciuromorpha","Old","100-1000"
"474","Stochomys_longicaudatus",1.20841958613625,4.25985900069967,0.470003629245736,"frugivorous","arboreal","Myomorpha","New","<100"
"475","Sundamys_muelleri",0.86994675791756,5.74172031399659,1.25276296849537,"omnivorous","terrestrial","Myomorpha","Old","100-1000"
"476","Synaptomys_cooperi",1.00935051788677,3.16968558067743,-0.492265598245081,"folivorous","terrestrial","Myomorpha","Old","<100"
"477","Tachyoryctes_ruandae",0.72873341639492,5.39665326741996,0.81683865275522,"rhizophagous","fossorial","Myomorpha","New","100-1000"
"478","Tachyoryctes_splendens",0.579253507944702,5.4553211153577,0.666638920679149,"rhizophagous","fossorial","Myomorpha","Old","100-1000"
"479","Tamias_amoenus",1.3466034797202,3.92789635458444,0.364670890979892,"omnivorous","terrestrial","Sciuromorpha","Modified","<100"
"480","Tamias_cinereicollis",1.51701444282773,4.12470915797822,0.596051315877724,"omnivorous","terrestrial","Sciuromorpha","Modified","<100"
"481","Tamias_dorsalis",1.64795412593869,4.13035499974513,0.718463988543735,"omnivorous","terrestrial","Sciuromorpha","Old","<100"
"482","Tamias_minimus",1.68915322805317,3.81330703248899,0.505370773083027,"omnivorous","terrestrial","Sciuromorpha","Modified","<100"
"483","Tamias_palmeri",1.68479904743075,4.10758978897212,0.723501782573692,"omnivorous","saxicolous","Sciuromorpha","Old","<100"
"484","Tamias_panamintinus",1.76246838476115,3.93573953204546,0.639683110690621,"omnivorous","saxicolous","Sciuromorpha","Old","<100"
"485","Tamias_quadrimaculatus",1.45722492530082,4.41037110768302,0.805475365533365,"omnivorous","terrestrial","Sciuromorpha","Old","<100"
"486","Tamias_quadrivittatus",1.41320642331139,4.13196142579341,0.565995394899462,"omnivorous","terrestrial","Sciuromorpha","Old","<100"
"487","Tamias_sibiricus",1.41107972066536,4.70048036579242,0.955511445027436,"omnivorous","terrestrial","Sciuromorpha","New","100-1000"
"488","Tamias_speciosus",1.59244904148398,4.0926765051214,0.655943631562401,"omnivorous","terrestrial","Sciuromorpha","Old","<100"
"489","Tamias_striatus",1.57216811389607,4.44899061839654,0.879073641485002,"omnivorous","terrestrial","Sciuromorpha","Modified","<100"
"490","Tamias_townsendii",1.54706800154964,4.49312068217947,0.927365183142402,"omnivorous","terrestrial","Sciuromorpha","Modified","<100"
"491","Tamiasciurus_douglasii",1.37171663349552,5.50817302353531,1.56835588410799,"frugivorous","arboreal","Sciuromorpha","New","100-1000"
"492","Tamiasciurus_hudsonicus",1.71589088634522,5.10497674852559,1.45086767990465,"frugivorous","arboreal","Sciuromorpha","Modified","100-1000"
"493","Tamiops_macclellandii",2.06894022018008,3.80666248977032,0.703196516412947,"animalivorous","arboreal","Sciuromorpha","Old","<100"
"494","Tatera_indica",0.834724642418174,4.93949726626292,0.645132715458186,"granivorous","saltatorial","Myomorpha","Old","100-1000"
"495","Thallomys_paedulcus",0.559851446401084,4.39444915467244,-0.198450938723838,"folivorous","arboreal","Myomorpha","New","<100"
"496","Thamnomys_venustus",0.887305448429395,4.29359278161814,0.186098918996009,"granivorous","arboreal","Myomorpha","New","<100"
"497","Thomomys_bottae",0.652302076679668,4.95512678428544,0.39412984365003,"rhizophagous","fossorial","Castorimorpha","Old","100-1000"
"498","Thomomys_bulbivorus",0.507722681680741,5.8406416573734,0.78845736036427,"rhizophagous","fossorial","Castorimorpha","Old","100-1000"
"499","Thomomys_talpoides",0.665399443549526,4.50645421304893,0.0936360519612671,"rhizophagous","fossorial","Castorimorpha","Old","<100"
"500","Thrichomys_apereoides",1.02350719484803,5.38449506278909,1.18276959667483,"omnivorous","terrestrial","Hystricomorpha","New","100-1000"
"501","Thrichomys_inermis",0.915069639597699,5.29831736654804,1.00614606099552,"omnivorous","terrestrial","Hystricomorpha","New","100-1000"
"502","Thryonomys_gregorianus",0.547301996114144,8.1605182474775,2.60343015197211,"folivorous","terrestrial","Hystricomorpha","New",">1000"
"503","Thryonomys_swinderianus",0.69437318442578,7.68673365250903,2.4745263482983,"folivorous","semiaquatic","Hystricomorpha","Modified",">1000"
"504","Toromys_grandis",0.67017373102761,6.37331978957701,1.50093468585169,"folivorous","arboreal","Hystricomorpha","New","100-1000"
"505","Trichys_fasciculata",0.96914727562226,7.35244110024358,2.60415527760599,"folivorous","terrestrial","Hystricomorpha","Old",">1000"
"506","Trinomys_albispinus",0.856144700684211,5.29831736654804,0.939585294477177,"omnivorous","terrestrial","Hystricomorpha","New","100-1000"
"507","Trinomys_dimidiatus",0.829250197823531,5.45958551414416,1.02861891684757,"omnivorous","terrestrial","Hystricomorpha","New","100-1000"
"508","Trinomys_eliasi",1.03560399877224,5.27683833487091,1.11377672518788,"omnivorous","terrestrial","Hystricomorpha","New","100-1000"
"509","Trinomys_iheringi",1.01677477458379,5.4553211153577,1.22928961230973,"omnivorous","terrestrial","Hystricomorpha","New","100-1000"
"510","Trinomys_minor",1.13044213263867,5.14633100955016,1.10352022502069,"omnivorous","terrestrial","Hystricomorpha","New","100-1000"
"511","Trinomys_paratus",0.863935653009226,5.49100171037754,1.09315743798515,"omnivorous","terrestrial","Hystricomorpha","New","100-1000"
"512","Trinomys_setosus",0.792630047315925,5.55489569394848,1.05493622516495,"omnivorous","terrestrial","Hystricomorpha","New","100-1000"
"513","Tscherskia_triton",0.701069524971326,5.02683667343426,0.500775287912489,"granivorous","semifossorial","Myomorpha","Modified","100-1000"
"514","Tympanoctomys_barrerae",1.28533379945186,4.40671924726425,0.677221030009686,"folivorous","semifossorial","Hystricomorpha","New","<100"
"515","Uranomys_ruddi",1.01708906113745,3.51452606696916,-0.225997620297116,"omnivorous","semifossorial","Myomorpha","Old","<100"
"516","Urocitellus_armatus",0.673694466166892,5.91647156806655,1.16353823474695,"folivorous","semifossorial","Sciuromorpha","Old","100-1000"
"517","Urocitellus_beldingi",0.876039341271071,5.50898339635113,1.12055641217326,"folivorous","semifossorial","Sciuromorpha","Old","100-1000"
"518","Urocitellus_brunneus",1.09477038223758,4.76046307039413,0.782055091325267,"folivorous","semifossorial","Sciuromorpha","Old","100-1000"
"519","Urocitellus_canus",0.674686714467552,5.03695260241363,0.505370773083027,"folivorous","semifossorial","Sciuromorpha","Old","100-1000"
"520","Urocitellus_columbianus",0.671988708569965,6.19756296778638,1.3699685566858,"folivorous","semifossorial","Sciuromorpha","Modified","100-1000"
"521","Urocitellus_elegans",0.693540673838161,5.72717342744678,1.05059782356635,"folivorous","semifossorial","Sciuromorpha","Old","100-1000"
"522","Urocitellus_mollis",0.864811619645921,4.76302827060367,0.548190770265955,"folivorous","semifossorial","Sciuromorpha","Old","100-1000"
"523","Urocitellus_parryii",0.701584131748755,6.5819114673752,1.68271867579973,"folivorous","semifossorial","Sciuromorpha","Modified","100-1000"
"524","Urocitellus_richardsonii",0.752905915994553,5.85393422703086,1.22749901977497,"folivorous","semifossorial","Sciuromorpha","Modified","100-1000"
"525","Urocitellus_townsendii",0.814898701950456,5.00729639283074,0.671943972908842,"folivorous","semifossorial","Sciuromorpha","Old","100-1000"
"526","Urocitellus_undulatus",0.743955682299889,6.03518139517355,1.35177537749302,"folivorous","semifossorial","Sciuromorpha","Old","100-1000"
"527","Urocitellus_washingtoni",0.657485371129271,5.22843123908387,0.62315380873941,"folivorous","semifossorial","Sciuromorpha","Old","100-1000"
"528","Vandeleuria_oleracea",1.01478491053613,2.85933964864844,-0.755022584278033,"omnivorous","arboreal","Myomorpha","New","<100"
"529","Wiedomys_pyrrhorhinos",0.84552606073339,4.17438726989564,0.048790164169432,"omnivorous","arboreal","Myomorpha","New","<100"
"530","Xerospermophilus_mohavensis",0.856008768980707,5.03695260241363,0.743402936890987,"folivorous","semifossorial","Sciuromorpha","Old","100-1000"
"531","Xerospermophilus_perotensis",1.26366190392887,4.9416424226093,1.06140873967057,"folivorous","semifossorial","Sciuromorpha","Old","100-1000"
"532","Xerospermophilus_spilosoma",1.1174236791866,4.88809094133816,0.898257098984331,"folivorous","semifossorial","Sciuromorpha","Old","100-1000"
"533","Xerospermophilus_tereticaudus",0.789422292007728,4.89260222718466,0.554160937252459,"folivorous","semifossorial","Sciuromorpha","Old","100-1000"
"534","Xerus_erythropus",1.01854671726747,6.40105701757029,1.93148211935574,"folivorous","terrestrial","Sciuromorpha","Modified","100-1000"
"535","Xerus_inauris",1.07527366987637,6.35431049363426,1.92860844545788,"folivorous","semifossorial","Sciuromorpha","Modified","100-1000"
"536","Xerus_rutilus",1.17213541886667,5.90036626480508,1.70319498926301,"folivorous","semifossorial","Sciuromorpha","Modified","100-1000"
"537","Zapus_hudsonius",1.19039556178883,2.84729521596968,-0.618773237400514,"granivorous","terrestrial","Myomorpha","Modified","<100"
"538","Zapus_princeps",0.870465367153724,3.19867311755068,-0.618559323569372,"granivorous","terrestrial","Myomorpha","Old","<100"
"539","Zapus_trinotatus",0.828928278784216,3.31418600467253,-0.616186139423817,"granivorous","terrestrial","Myomorpha","Old","<100"
"540","Zygogeomys_trichopus",0.62265906520004,6.30078579466324,1.3729963329759,"rhizophagous","fossorial","Castorimorpha","Modified","100-1000"
